{
    "$schema": "https://schema.management.azure.com/schemas/0.1.2-preview/CreateUIDefinition.MultiVm.json#",
    "handler": "Microsoft.Compute.MultiVm",
    "version": "0.1.2-preview",
    "parameters": {
        "basics": [],
        "steps": [
            {
                "name": "AzureMonitor",
                "label": "Azure Monitor",
                "subLabel": {
                    "preValidation": "Select or create resources",
                    "postValidation": "Done"
                },
                "bladeTitle": "Route Data",
                "elements": [
                    {
                        "name": "StorageAcctName",
                        "type": "Microsoft.Common.TextBox",
                        "label": "Storage Account Name",
                        "defaultValue": "",
                        "toolTip": "Use only allowed characters",
                        "constraints": {
                            "required": false,
                            "regex": "^[a-z0-9]{3,24}$",
                            "validationMessage": "The value must be between 3 and 24 characters long and contain only lowercase letters and numbers."
                        }
                    },
                    {
                        "name": "StorageAcctType",
                        "type": "Microsoft.Common.DropDown",
                        "label": "Storage Account Type",
                        "defaultValue": "Locally-redundant storage (LRS)",
                        "constraints": {
                            "allowedValues": [
                                {
                                    "label": "Locally-redundant storage (LRS)",
                                    "value": "Standard_LRS"
                                },
                                {
                                    "label": "Zone-redundant storage (ZRS)",
                                    "value": "Standard_ZRS"
                                },
                                {
                                    "label": "Geo-redundant storage (GRS)",
                                    "value": "Standard_GRS"
                                },
                                {
                                    "label": "Read-access geo-redundant storage (RA-GRS)",
                                    "value": "Standard_RAGRS"
                                }
                            ],
                            "required": false
                        }
                    },
                    {
                        "name": "EventHub",
                        "type": "Microsoft.Common.TextBox",
                        "label": "Event Hub Namespace",
                        "defaultValue": "",
                        "toolTip": "Use only allowed characters",
                        "constraints": {
                            "required": false,
                            "regex": "^[a-zA-Z][a-zA-Z0-9-]{4,48}[a-zA-Z0-9]$",
                            "validationMessage": "The value must be between 6 and 50 characters long and contain only letters, numbers, and hyphens. The value must also start with a letter and end with a letter or number."
                        }
                    },
                    {
                        "name": "LogAnalytics",
                        "type": "Microsoft.Common.TextBox",
                        "label": "Log Analytics Workspace Name",
                        "defaultValue": "",
                        "toolTip": "Use only allowed characters",
                        "constraints": {
                            "required": false,
                            "regex": "^[a-zA-Z0-9][a-zA-Z0-9-]{2,61}[a-zA-Z0-9]$",
                            "validationMessage": "The value must be between 4 and 63 characters long and contain only letters, numbers, and hyphens. The value must not start or end with a hyphen."
                        }
                    }
                ]
            }
        ],
        "outputs": {
            "StorageAcctName": "[steps('AzureMonitor').StorageAcctSelector.name]",
            "storageAccountType": "[steps('AzureMonitor').StorageAcctSelector.type]",
            "EventHubNamespace": "[steps('AzureMonitor').EventHub]",
            "LogAnalyticsWorkspaceName": "[steps('AzureMonitor').LogAnalytics]"
        }
    }
}
