{
    "$schema": "https://schema.management.azure.com/schemas/0.1.2-preview/CreateUIDefinition.MultiVm.json#",
    "handler": "Microsoft.Compute.MultiVm",
    "version": "0.1.2-preview",
    "parameters": {
        "basics": [],
        "steps": [
            {
                "name": "AzureMonitor",
                "label": "Azure Monitor",
                "subLabel": {
                    "preValidation": "Enter desired resources",
                    "postValidation": "Done"
                },
                "bladeTitle": "Route Data",
                "elements": [
                    {
                        "name": "StorageAcct",
                        "type": "Microsoft.Common.Section",
                        "label": "Archive to a Storage Account",
                        "elements": [
                            {
                                "name": "StorageAcctName",
                                "type": "Microsoft.Common.TextBox",
                                "label": "Storage Account Name",
                                "toolTip": "Archive to storage account",
                                "constraints": {
                                    "required": false,
                                    "regex": "^[a-z0-9]{3,24}$",
                                    "validationMessage": "The value must be between 3 and 24 characters long and contain only lowercase letters and numbers."
                                }
                            },
                            {
                                "name": "StorageAcctType",
                                "type": "Microsoft.Common.DropDown",
                                "label": "Storage Account Type",
                                "defaultValue": "Locally-redundant storage (LRS)",
                                "constraints": {
                                    "allowedValues": [
                                        {
                                            "label": "Locally-redundant storage (LRS)",
                                            "value": "Standard_LRS"
                                        },
                                        {
                                            "label": "Zone-redundant storage (ZRS)",
                                            "value": "Standard_ZRS"
                                        },
                                        {
                                            "label": "Geo-redundant storage (GRS)",
                                            "value": "Standard_GRS"
                                        },
                                        {
                                            "label": "Read-access geo-redundant storage (RA-GRS)",
                                            "value": "Standard_RAGRS"
                                        }
                                    ],
                                    "required": false
                                }
                            }
                        ]
                    },
                    {
                        "name": "EventHub",
                        "type": "Microsoft.Common.Section",
                        "label": "Stream to Event Hub",
                        "elements": [
                            {
                                "name": "EventHubNamespace",
                                "type": "Microsoft.Common.TextBox",
                                "label": "Event Hub Namespace",
                                "toolTip": "Stream to an event hub",
                                "constraints": {
                                    "required": false,
                                    "regex": "^[a-zA-Z][a-zA-Z0-9-]{4,48}[a-zA-Z0-9]$",
                                    "validationMessage": "The value must be between 6 and 50 characters long and contain only letters, numbers, and hyphens. The value must also start with a letter and end with a letter or number."
                                }
                            },
                            {
                                "name": "EventHubConsumerGroupNames",
                                "type": "Microsoft.Common.TextBox",
                                "label": "Event Hub Consumer Groups",
                                "toolTip": "Specify an array of event hub consumer groups",
                                "constraints": {
                                    "required": false,
                                    "regex": "^\\[(?:\"[^\"]*\"(?:,\"[^\"]*\")*)?\\]$",
                                    "validationMessage": "Array should be in the format [\"element1\",\"element2\",\"elementn\"]."
                                }
                            }
                        ]
                    },
                    {
                        "name": "LogAnalytics",
                        "type": "Microsoft.Common.Section",
                        "label": "Send to Log Analytics",
                        "elements": [
                            {
                                "name": "LogAnalyticsWorkspaceName",
                                "type": "Microsoft.Common.TextBox",
                                "label": "Log Analytics Workspace Name",
                                "toolTip": "Send to Log Analytics",
                                "defaultValue": "update12",
                                "constraints": {
                                    "required": false,
                                    "regex": "^[a-zA-Z0-9][a-zA-Z0-9-]{2,61}[a-zA-Z0-9]$",
                                    "validationMessage": "The value must be between 4 and 63 characters long and contain only letters, numbers, and hyphens. The value must not start or end with a hyphen."
                                }
                            },
                            {
                                "name": "LogAnalyticsDataRetentionInDays",
                                "type": "Microsoft.Common.TextBox",
                                "label": "LogAnalytics Data Retention In Days",
                                "constraints": {
                                    "required": false,
                                    "regex": "^([3-9][0-9]|[1-6][0-9][0-9]|7[0-2][0-9]|730)$",
                                    "validationMessage": "The value must be between 30 and 730."
                                }
                            }
                        ]
                    }
                ]
            }
        ],
        "outputs": {
            "StorageAcctName": "[steps('AzureMonitor').StorageAcct.StorageAcctName]",
            "StorageAcctType": "[steps('AzureMonitor').StorageAcct.StorageAcctType]",
            "EventHubNamespace": "[steps('AzureMonitor').EventHub.EventHubNamespace]",
            "EventHubNames": "[parse(coalesce(steps('AzureMonitor').EventHub.EventHubNames,'[]'))]",
            "EventHubConsumerGroupNames": "[parse(coalesce(steps('AzureMonitor').EventHub.EventHubConsumerGroupNames,'[]'))]",
            "LogAnalyticsWorkspaceName": "[steps('AzureMonitor').LogAnalytics.LogAnalyticsWorkspaceName]",
            "LogAnalyticsDataRetentionInDays": "[int(coalesce(steps('AzureMonitor').LogAnalytics.LogAnalyticsDataRetentionInDays,'30'))]"
        }
    }
}
